Country Name,Country Code,Series Name,Series Code,2010 [YR2010],2011 [YR2011],2012 [YR2012],2013 [YR2013],2014 [YR2014],2015 [YR2015],2016 [YR2016],2017 [YR2017],2018 [YR2018],2019 [YR2019],2020 [YR2020],2021 [YR2021],2022 [YR2022]
Germany,DEU,"Population, total",SP.POP.TOTL,81776930,80274983,80425823,80645605,80982500,81686611,82348669,82657002,82905782,83092962,83160871,83196078,83797985
Germany,DEU,"Fertility rate, total (births per woman)",SP.DYN.TFRT.IN,1.39,1.39,1.41,1.42,1.47,1.5,1.6,1.57,1.57,1.54,1.53,1.58,1.455
Greece,GRC,"Population, total",SP.POP.TOTL,11121341,11104899,11045011,10965211,10892413,10820883,10775971,10754679,10732882,10721582,10698599,10569207,10436882
Greece,GRC,"Fertility rate, total (births per woman)",SP.DYN.TFRT.IN,1.48,1.4,1.34,1.29,1.3,1.33,1.38,1.35,1.35,1.34,1.39,1.43,1.43
Italy,ITA,"Population, total",SP.POP.TOTL,59277417,59379449,59539717,60233948,60789140,60730582,60627498,60536709,60421760,59729081,59438851,59133173,59013667
Italy,ITA,"Fertility rate, total (births per woman)",SP.DYN.TFRT.IN,1.46,1.44,1.43,1.39,1.37,1.35,1.34,1.32,1.29,1.27,1.24,1.25,1.24
Spain,ESP,"Population, total",SP.POP.TOTL,46576897,46742697,46773055,46620045,46480882,46444832,46484062,46593236,46797754,47134837,47365655,47415794,47759127
Spain,ESP,"Fertility rate, total (births per woman)",SP.DYN.TFRT.IN,1.37,1.34,1.32,1.27,1.32,1.33,1.34,1.31,1.26,1.23,1.19,1.19,1.16
France,FRA,"Population, total",SP.POP.TOTL,65026211,65340830,65657659,65997932,66312067,66548272,66724104,66918020,67158348,67382061,67601110,67842811,68065015
France,FRA,"Fertility rate, total (births per woman)",SP.DYN.TFRT.IN,2.03,2.01,2.01,1.99,2,1.96,1.92,1.89,1.87,1.86,1.83,1.84,1.794
,,,,,,,,,,,,,,,,
,,,,,,,,,,,,,,,,
,,,,,,,,,,,,,,,,
Data from database: Population estimates and projections,,,,,,,,,,,,,,,,
Last Updated: 12/16/2024,,,,,,,,,,,,,,,,
Code,License Type,Indicator Name,Long definition,Source,Topic,Periodicity,Aggregation method,Statistical concept and methodology,Development relevance,Limitations and exceptions,General comments
SP.POP.TOTL,CC BY-4.0,"Population, total","Total population is based on the de facto definition of population, which counts all residents regardless of legal status or citizenship. The values shown are midyear estimates.",(1) United Nations Population Division. World Population Prospects: 2024 Revision; (2) Statistical databases and publications from national statistical offices; (3) Eurostat: Demographic Statistics; (4) United Nations Statistics Division. Population and Vital Statistics Report (various years).,Health: Population: Structure,Annual,Sum,"Population estimates are usually based on national population censuses, and estimates of fertility, mortality and migration.

Errors and undercounting in census occur even in high-income countries.  In developing countries errors may be substantial because of limits in the transport, communications, and other resources required to conduct and analyze a full census.

The quality and reliability of official demographic data are also affected by public trust in the government, government commitment to full and accurate enumeration, confidentiality and protection against misuse of census data, and census agencies' independence from political influence. Moreover, comparability of population indicators is limited by differences in the concepts, definitions, collection procedures, and estimation methods used by national statistical agencies and other organizations that collect the data.

The currentness of a census and the availability of complementary data from surveys or registration systems are objective ways to judge demographic data quality. Some European countries' registration systems offer complete information on population in the absence of a census.

The United Nations Statistics Division monitors the completeness of vital registration systems. Some developing countries have made progress over the last 60 years, but others still have deficiencies in civil registration systems.

International migration is the only other factor besides birth and death rates that directly determines a country's population change. Estimating migration is difficult. At any time many people are located outside their home country as tourists, workers, or refugees or for other reasons. Standards for the duration and purpose of international moves that qualify as migration vary, and estimates require information on flows into and out of countries that is difficult to collect.

Population projections, starting from a base year are projected forward using assumptions of mortality, fertility, and migration by age and sex through 2050, based on the UN Population Division's World Population Prospects database medium variant.","Increases in human population, whether as a result of immigration or more births than deaths, can impact natural resources and social infrastructure.  This can place pressure on a country's sustainability.  A significant growth in population will negatively impact the availability of land for agricultural production, and will aggravate demand for food, energy, water, social services, and infrastructure. On the other hand, decreasing population size - a result of fewer births than deaths, and people moving out of a country - can impact a government's commitment to maintain services and infrastructure.","Current population estimates for developing countries that lack (i) reliable recent census data, and (ii) pre- and post-census estimates for countries with census data, are provided by the United Nations Population Division and other agencies. 

The cohort component method - a standard method for estimating and projecting population - requires fertility, mortality, and net migration data, often collected from sample surveys, which can be small or limited in coverage. Population estimates are from demographic modeling and so are susceptible to biases and errors from shortcomings in both the model and the data.

Because future trends cannot be known with certainty, population projections have a wide range of uncertainty.",Relevance to gender indicator: disaggregating the population composition by gender will help a country in projecting its demand for social services on a gender basis.
SP.DYN.TFRT.IN,CC BY-4.0,"Fertility rate, total (births per woman)",Total fertility rate represents the number of children that would be born to a woman if she were to live to the end of her childbearing years and bear children in accordance with age-specific fertility rates of the specified year.,(1) United Nations Population Division. World Population Prospects: 2022 Revision; (2) Statistical databases and publications from national statistical offices; (3) Eurostat: Demographic Statistics.,Health: Reproductive health,Annual,Weighted average,"Total fertility rates are based on data on registered live births from vital registration systems or, in the absence of such systems, from censuses or sample surveys. The estimated rates are generally considered reliable measures of fertility in the recent past. Where no empirical information on age-specific fertility rates is available, a model is used to estimate the share of births to adolescents. For countries without reliable vital registration systems fertility rates are generally based on extrapolations from trends observed in censuses or surveys from earlier years.","Reproductive health is a state of physical and mental well-being in relation to the reproductive system and its functions and processes. Means of achieving reproductive health include education and services during pregnancy and childbirth, safe and effective contraception, and prevention and treatment of sexually transmitted diseases. Complications of pregnancy and childbirth are the leading cause of death and disability among women of reproductive age in developing countries.",,Relevance to gender indicator: it can indicate the status of women within households and a woman�s decision about the number and spacing of children.
